{
  "name": "SOIL",
  "version": "0.1.0",
  "repo": "littlstar/soil",
  "description": "Simple OpenGL Image Library",
  "keywords": ["soil", "opengl", "gl", "image"],
  "configure": "configure",
  "makefile": "Makefile",
  "src": [
   "include/SOIL/SOIL.h",
   "include/SOIL/image_dxt.h",
   "include/SOIL/image_helper.h",
   "include/SOIL/stb_image_aug.h",
   "include/SOIL/stbi_dds_aug.h",
   "include/SOIL/stbi_dds_aug_c.h",

   "src/soil.c",
   "src/image_dxt.c",
   "src/image_helper.c",
   "src/stb_image_aug.c",

   "configure",
   "Makefile.in"
  ]
}
